,Car Brand,Model,Image_url,Car
0,Acura, ILX,https://media.ed.edmunds-media.com/acura/ilx/2019/oem/2019_acura_ilx_sedan_technology-and-a-spec-packages_fq_oem_1_815.jpg,Acura  ILX
1,Acura, Integra,https://media.ed.edmunds-media.com/acura/integra/2023/oem/2023_acura_integra_4dr-hatchback_base_fq_oem_1_815.jpg,Acura  Integra
2,Acura, MDX,https://media.ed.edmunds-media.com/acura/mdx/2023/oem/2023_acura_mdx_4dr-suv_sh-awd_fq_oem_1_815.jpg,Acura  MDX
3,Acura, NSX,https://media.ed.edmunds-media.com/acura/nsx/2022/oem/2022_acura_nsx_coupe_type-s_fq_oem_1_815.jpg,Acura  NSX
4,Acura, RDX,https://media.ed.edmunds-media.com/acura/rdx/2023/oem/2023_acura_rdx_4dr-suv_base_fq_oem_1_815.jpg,Acura  RDX
5,Acura, TLX,https://media.ed.edmunds-media.com/acura/tlx/2023/oem/2023_acura_tlx_sedan_base_fq_oem_1_815.jpg,Acura  TLX
6,Alfa, Romeo Giulia,https://media.ed.edmunds-media.com/alfa-romeo/giulia/2023/oem/2023_alfa-romeo_giulia_sedan_estrema_fq_oem_1_815.jpg,Alfa  Romeo Giulia
7,Alfa, Romeo Stelvio,https://media.ed.edmunds-media.com/alfa-romeo/stelvio/2023/oem/2023_alfa-romeo_stelvio_4dr-suv_estrema_fq_oem_1_815.jpg,Alfa  Romeo Stelvio
8,Aston, Martin DB11,https://media.ed.edmunds-media.com/aston-martin/db11/2021/oem/2021_aston-martin_db11_coupe_v8_fq_oem_1_815.jpg,Aston  Martin DB11
9,Aston, Martin DBS,https://media.ed.edmunds-media.com/aston-martin/dbs/2022/oem/2022_aston-martin_dbs_coupe_base_fq_oem_1_815.jpg,Aston  Martin DBS
10,Aston, Martin DBX,https://media.ed.edmunds-media.com/aston-martin/dbx/2021/oem/2021_aston-martin_dbx_4dr-suv_base_fq_oem_10_815.jpg,Aston  Martin DBX
11,Aston, Martin Vantage,https://media.ed.edmunds-media.com/aston-martin/vantage/2021/oem/2021_aston-martin_vantage_coupe_base_fq_oem_1_815.jpg,Aston  Martin Vantage
12,Audi, A3,https://media.ed.edmunds-media.com/audi/a3/2023/oem/2023_audi_a3_sedan_premium-plus_fq_oem_1_815.jpg,Audi  A3
13,Audi, A4,https://media.ed.edmunds-media.com/audi/a4/2022/oem/2022_audi_a4_sedan_prestige-s-line_fq_oem_8_815.jpg,Audi  A4
14,Audi, A4 allroad,https://media.ed.edmunds-media.com/audi/a4-allroad/2021/oem/2021_audi_a4-allroad_wagon_prestige_fq_oem_1_815.jpg,Audi  A4 allroad
15,Audi, A5,https://media.ed.edmunds-media.com/audi/a5/2022/oem/2022_audi_a5_4dr-hatchback_prestige-s-line_fq_oem_1_815.jpg,Audi  A5
16,Audi, A6,https://media.ed.edmunds-media.com/audi/a6/2022/oem/2022_audi_a6_sedan_prestige_fq_oem_1_815.jpg,Audi  A6
17,Audi, A6 allroad,https://media.ed.edmunds-media.com/audi/a6-allroad/2021/oem/2021_audi_a6-allroad_wagon_premium-plus_fq_oem_1_815.jpg,Audi  A6 allroad
18,Audi, A7,https://media.ed.edmunds-media.com/audi/a7/2022/oem/2022_audi_a7_sedan_prestige_fq_oem_1_815.jpg,Audi  A7
19,Audi, A8,https://media.ed.edmunds-media.com/audi/a8/2022/oem/2022_audi_a8_sedan_l_fq_oem_1_815.jpg,Audi  A8
20,Audi, e-tron,https://media.ed.edmunds-media.com/audi/e-tron/2022/oem/2022_audi_e-tron_4dr-suv_chronos-edition_fq_oem_1_815.jpg,Audi  e-tron
21,Audi, e-tron GT,https://media.ed.edmunds-media.com/audi/e-tron-gt/2022/oem/2022_audi_e-tron-gt_sedan_prestige_fq_oem_1_815.jpg,Audi  e-tron GT
22,Audi, e-tron S,https://media.ed.edmunds-media.com/audi/e-tron-s/2022/oem/2022_audi_e-tron-s_4dr-suv_prestige_fq_oem_1_815.jpg,Audi  e-tron S
23,Audi, e-tron S Sportback,https://media.ed.edmunds-media.com/audi/e-tron-s-sportback/2022/oem/2022_audi_e-tron-s-sportback_4dr-suv_prestige_fq_oem_1_815.jpg,Audi  e-tron S Sportback
24,Audi, e-tron Sportback,https://media.ed.edmunds-media.com/audi/e-tron-sportback/2022/oem/2022_audi_e-tron-sportback_4dr-suv_prestige-s-line_fq_oem_1_815.jpg,Audi  e-tron Sportback
25,Audi, Q3,https://media.ed.edmunds-media.com/audi/q3/2023/oem/2023_audi_q3_4dr-suv_premium-plus_fq_oem_1_815.jpg,Audi  Q3
26,Audi, Q4 e-tron,https://media.ed.edmunds-media.com/audi/q4-e-tron/2023/oem/2023_audi_q4-e-tron_4dr-suv_prestige_fq_oem_1_815.jpg,Audi  Q4 e-tron
27,Audi, Q4 Sportback e-tron,https://media.ed.edmunds-media.com/audi/q4-sportback-e-tron/2022/oem/2022_audi_q4-sportback-e-tron_4dr-suv_prestige_fq_oem_1_815.jpg,Audi  Q4 Sportback e-tron
28,Audi, Q5,https://media.ed.edmunds-media.com/audi/q5/2022/oem/2022_audi_q5_4dr-suv_prestige-s-line_fq_oem_10_815.jpg,Audi  Q5
29,Audi, Q5 Sportback,https://media.ed.edmunds-media.com/audi/q5-sportback/2022/oem/2022_audi_q5-sportback_4dr-suv_prestige-s-line_fq_oem_1_815.jpg,Audi  Q5 Sportback
30,Audi, Q7,https://media.ed.edmunds-media.com/audi/q7/2022/oem/2022_audi_q7_4dr-suv_prestige_fq_oem_1_815.jpg,Audi  Q7
31,Audi, Q8,https://media.ed.edmunds-media.com/audi/q8/2022/oem/2022_audi_q8_4dr-suv_prestige_fq_oem_1_815.jpg,Audi  Q8
32,Audi, R8,https://media.ed.edmunds-media.com/audi/r8/2023/oem/2023_audi_r8_coupe_gt_fq_oem_1_815.jpg,Audi  R8
33,Audi, RS 3,https://media.ed.edmunds-media.com/audi/rs-3/2022/oem/2022_audi_rs-3_sedan_base_fq_oem_1_815.jpg,Audi  RS 3
34,Audi, RS 5,https://media.ed.edmunds-media.com/audi/rs-5/2023/oem/2023_audi_rs-5_4dr-hatchback_base_fq_oem_1_815.jpg,Audi  RS 5
35,Audi, RS 6,https://media.ed.edmunds-media.com/audi/rs-6/2021/oem/2021_audi_rs-6_wagon_base_fq_oem_1_815.jpg,Audi  RS 6
36,Audi, RS 7,https://media.ed.edmunds-media.com/audi/rs-7/2021/oem/2021_audi_rs-7_sedan_base_fq_oem_2_815.jpg,Audi  RS 7
37,Audi, RS e-tron GT,https://media.ed.edmunds-media.com/audi/rs-e-tron-gt/2022/oem/2022_audi_rs-e-tron-gt_sedan_base_fq_oem_1_815.jpg,Audi  RS e-tron GT
38,Audi, RS Q8,https://media.ed.edmunds-media.com/audi/rs-q8/2020/oem/2020_audi_rs-q8_4dr-suv_base_fq_oem_3_815.jpg,Audi  RS Q8
39,Audi, S3,https://media.ed.edmunds-media.com/audi/s3/2022/oem/2022_audi_s3_sedan_prestige_fq_oem_1_815.jpg,Audi  S3
40,Audi, S4,https://media.ed.edmunds-media.com/audi/s4/2022/oem/2022_audi_s4_sedan_prestige_fq_oem_1_815.jpg,Audi  S4
41,Audi, S5,https://media.ed.edmunds-media.com/audi/s5/2022/oem/2022_audi_s5_4dr-hatchback_prestige_fq_oem_1_815.jpg,Audi  S5
42,Audi, S6,https://media.ed.edmunds-media.com/audi/s6/2021/oem/2021_audi_s6_sedan_prestige_fq_oem_1_815.jpg,Audi  S6
43,Audi, S7,https://media.ed.edmunds-media.com/audi/s7/2021/oem/2021_audi_s7_sedan_prestige_fq_oem_1_815.jpg,Audi  S7
44,Audi, S8,https://media.ed.edmunds-media.com/audi/s8/2022/oem/2022_audi_s8_sedan_base_fq_oem_1_815.jpg,Audi  S8
45,Audi, SQ5,https://media.ed.edmunds-media.com/audi/sq5/2021/oem/2021_audi_sq5_4dr-suv_prestige_fq_oem_1_815.jpg,Audi  SQ5
46,Audi, SQ5 Sportback,https://media.ed.edmunds-media.com/audi/sq5-sportback/2023/oem/2023_audi_sq5-sportback_4dr-suv_prestige_fq_oem_1_815.jpg,Audi  SQ5 Sportback
47,Audi, SQ7,https://media.ed.edmunds-media.com/audi/sq7/2022/oem/2022_audi_sq7_4dr-suv_prestige_fq_oem_1_815.jpg,Audi  SQ7
48,Audi, SQ8,https://media.ed.edmunds-media.com/audi/sq8/2020/oem/2020_audi_sq8_4dr-suv_premium-plus_fq_oem_1_815.jpg,Audi  SQ8
49,Audi, TT,https://media.ed.edmunds-media.com/audi/tt/2021/oem/2021_audi_tt_coupe_base_fq_oem_1_815.jpg,Audi  TT
50,Audi, TT RS,https://media.ed.edmunds-media.com/audi/tt-rs/2021/oem/2021_audi_tt-rs_coupe_base_fq_oem_1_815.jpg,Audi  TT RS
51,Audi, TTS,https://media.ed.edmunds-media.com/audi/tts/2021/oem/2021_audi_tts_coupe_base_fq_oem_5_815.jpg,Audi  TTS
52,Bentley, Bentayga,https://media.ed.edmunds-media.com/bentley/bentayga/2022/oem/2022_bentley_bentayga_4dr-suv_s_fq_oem_1_815.jpg,Bentley  Bentayga
53,Bentley, Continental,https://media.ed.edmunds-media.com/bentley/continental/2022/oem/2022_bentley_continental_convertible_gt-speed_fq_oem_1_815.jpg,Bentley  Continental
54,Bentley, Flying Spur,https://media.ed.edmunds-media.com/bentley/flying-spur/2022/oem/2022_bentley_flying-spur_sedan_hybrid_fq_oem_1_815.jpg,Bentley  Flying Spur
55,BMW, 2 Series,https://media.ed.edmunds-media.com/bmw/2-series/2022/oem/2022_bmw_2-series_coupe_230i_fq_oem_1_815.jpg,BMW  2 Series
56,BMW, 2 Series Gran Coupe,https://media.ed.edmunds-media.com/bmw/2-series-gran-coupe/2020/oem/2020_bmw_2-series-gran-coupe_sedan_228i-xdrive_fq_oem_1_815.jpg,BMW  2 Series Gran Coupe
57,BMW, 3 Series,https://media.ed.edmunds-media.com/bmw/3-series/2023/oem/2023_bmw_3-series_sedan_330i-xdrive_fq_oem_1_815.jpg,BMW  3 Series
58,BMW, 4 Series,https://media.ed.edmunds-media.com/bmw/4-series/2021/oem/2021_bmw_4-series_convertible_m440i_fq_oem_1_815.jpg,BMW  4 Series
59,BMW, 4 Series Gran Coupe,https://media.ed.edmunds-media.com/bmw/4-series-gran-coupe/2023/oem/2023_bmw_4-series-gran-coupe_sedan_430i-xdrive_fq_oem_1_815.jpg,BMW  4 Series Gran Coupe
60,BMW, 5 Series,https://media.ed.edmunds-media.com/bmw/5-series/2021/oem/2021_bmw_5-series_sedan_530e_fq_oem_1_815.jpg,BMW  5 Series
61,BMW, 7 Series,https://media.ed.edmunds-media.com/bmw/7-series/2023/oem/2023_bmw_7-series_sedan_760i-xdrive_fq_oem_1_815.jpg,BMW  7 Series
62,BMW, 8 Series,https://media.ed.edmunds-media.com/bmw/8-series/2023/oem/2023_bmw_8-series_convertible_m850i-xdrive_fq_oem_1_815.jpg,BMW  8 Series
63,BMW, 8 Series Gran Coupe,https://media.ed.edmunds-media.com/bmw/8-series-gran-coupe/2023/oem/2023_bmw_8-series-gran-coupe_sedan_m850i-xdrive_fq_oem_1_815.jpg,BMW  8 Series Gran Coupe
64,BMW, ALPINA B7,https://media.ed.edmunds-media.com/bmw/alpina-b7/2020/oem/2020_bmw_alpina-b7_sedan_xdrive_fq_oem_1_815.jpg,BMW  ALPINA B7
65,BMW, ALPINA B8 Gran Coupe,https://media.ed.edmunds-media.com/bmw/alpina-b8-gran-coupe/2023/oem/2023_bmw_alpina-b8-gran-coupe_sedan_base_fq_oem_1_815.jpg,BMW  ALPINA B8 Gran Coupe
66,BMW, ALPINA XB7,https://media.ed.edmunds-media.com/bmw/alpina-xb7/2023/oem/2023_bmw_alpina-xb7_4dr-suv_base_fq_oem_2_815.jpg,BMW  ALPINA XB7
67,BMW, i4,https://media.ed.edmunds-media.com/bmw/i4/2022/oem/2022_bmw_i4_sedan_edrive40_fq_oem_1_815.jpg,BMW  i4
68,BMW, i7,https://media.ed.edmunds-media.com/bmw/i7/2023/oem/2023_bmw_i7_sedan_xdrive60_fq_oem_1_815.jpg,BMW  i7
69,BMW, iX,https://media.ed.edmunds-media.com/bmw/ix/2023/oem/2023_bmw_ix_4dr-suv_m60_fq_oem_1_815.jpg,BMW  iX
70,BMW, M2,https://media.ed.edmunds-media.com/bmw/m2/2023/oem/2023_bmw_m2_coupe_base_fq_oem_10_815.jpg,BMW  M2
71,BMW, M3,https://media.ed.edmunds-media.com/bmw/m3/2022/oem/2022_bmw_m3_sedan_competition_fq_oem_1_815.jpg,BMW  M3
72,BMW, M4,https://media.ed.edmunds-media.com/bmw/m4/2022/oem/2022_bmw_m4_coupe_competition_fq_oem_1_815.jpg,BMW  M4
73,BMW, M5,https://media.ed.edmunds-media.com/bmw/m5/2021/oem/2021_bmw_m5_sedan_base_fq_oem_8_815.jpg,BMW  M5
74,BMW, M5 CS,https://media.ed.edmunds-media.com/bmw/m5-cs/2022/oem/2022_bmw_m5-cs_sedan_base_fq_oem_1_815.jpg,BMW  M5 CS
75,BMW, M8,https://media.ed.edmunds-media.com/bmw/m8/2023/oem/2023_bmw_m8_convertible_competition_fq_oem_1_815.jpg,BMW  M8
76,BMW, M8 Gran Coupe,https://media.ed.edmunds-media.com/bmw/m8-gran-coupe/2023/oem/2023_bmw_m8-gran-coupe_sedan_competition_fq_oem_1_815.jpg,BMW  M8 Gran Coupe
77,BMW, X1,https://media.ed.edmunds-media.com/bmw/x1/2023/oem/2023_bmw_x1_4dr-suv_xdrive28i_fq_oem_1_815.jpg,BMW  X1
78,BMW, X2,https://media.ed.edmunds-media.com/bmw/x2/2022/oem/2022_bmw_x2_4dr-suv_xdrive28i_fq_oem_1_815.jpg,BMW  X2
79,BMW, X3,https://media.ed.edmunds-media.com/bmw/x3/2022/oem/2022_bmw_x3_4dr-suv_xdrive30i_fq_oem_1_815.jpg,BMW  X3
80,BMW, X3 M,https://media.ed.edmunds-media.com/bmw/x3-m/2022/oem/2022_bmw_x3-m_4dr-suv_base_fq_oem_1_815.jpg,BMW  X3 M
81,BMW, X4,https://media.ed.edmunds-media.com/bmw/x4/2022/oem/2022_bmw_x4_4dr-suv_m40i_fq_oem_1_815.jpg,BMW  X4
82,BMW, X4 M,https://media.ed.edmunds-media.com/bmw/x4-m/2022/oem/2022_bmw_x4-m_4dr-suv_base_fq_oem_1_815.jpg,BMW  X4 M
83,BMW, X5,https://media.ed.edmunds-media.com/bmw/x5/2021/oem/2021_bmw_x5_4dr-suv_m50i_fq_oem_1_815.jpg,BMW  X5
84,BMW, X5 M,https://media.ed.edmunds-media.com/bmw/x5-m/2021/oem/2021_bmw_x5-m_4dr-suv_base_fq_oem_1_815.jpg,BMW  X5 M
85,BMW, X6,https://media.ed.edmunds-media.com/bmw/x6/2020/oem/2020_bmw_x6_4dr-suv_m50i_fq_oem_6_815.jpg,BMW  X6
86,BMW, X6 M,https://media.ed.edmunds-media.com/bmw/x6-m/2021/oem/2021_bmw_x6-m_4dr-suv_base_fq_oem_1_815.jpg,BMW  X6 M
87,BMW, X7,https://media.ed.edmunds-media.com/bmw/x7/2023/oem/2023_bmw_x7_4dr-suv_m60i_fq_oem_1_815.jpg,BMW  X7
88,BMW, Z4,https://media.ed.edmunds-media.com/bmw/z4/2023/oem/2023_bmw_z4_convertible_m40i_fq_oem_1_815.jpg,BMW  Z4
89,Buick, Enclave,https://media.ed.edmunds-media.com/buick/enclave/2022/oem/2022_buick_enclave_4dr-suv_avenir_fq_oem_1_815.jpg,Buick  Enclave
90,Buick, Encore,https://media.ed.edmunds-media.com/buick/encore/2021/oem/2021_buick_encore_4dr-suv_preferred_fq_oem_1_815.jpg,Buick  Encore
91,Buick, Encore GX,https://media.ed.edmunds-media.com/buick/encore-gx/2021/oem/2021_buick_encore-gx_4dr-suv_essence_fq_oem_1_815.jpg,Buick  Encore GX
92,Buick, Envision,https://media.ed.edmunds-media.com/buick/envision/2021/oem/2021_buick_envision_4dr-suv_avenir_fq_oem_1_815.jpg,Buick  Envision
93,Cadillac, CT4,https://media.ed.edmunds-media.com/cadillac/ct4/2023/oem/2023_cadillac_ct4_sedan_premium-luxury_fq_oem_1_815.jpg,Cadillac  CT4
94,Cadillac, CT4-V Blackwing,https://media.ed.edmunds-media.com/cadillac/ct4-v-blackwing/2022/oem/2022_cadillac_ct4-v-blackwing_sedan_base_fq_oem_1_815.jpg,Cadillac  CT4-V Blackwing
95,Cadillac, CT5,https://media.ed.edmunds-media.com/cadillac/ct5/2023/oem/2023_cadillac_ct5_sedan_premium-luxury_fq_oem_1_815.jpg,Cadillac  CT5
96,Cadillac, CT5-V Blackwing,https://media.ed.edmunds-media.com/cadillac/ct5-v-blackwing/2022/oem/2022_cadillac_ct5-v-blackwing_sedan_base_fq_oem_1_815.jpg,Cadillac  CT5-V Blackwing
97,Cadillac, Escalade,https://media.ed.edmunds-media.com/cadillac/escalade/2023/oem/2023_cadillac_escalade_4dr-suv_v_fq_oem_2_815.jpg,Cadillac  Escalade
98,Cadillac, Escalade ESV,https://media.ed.edmunds-media.com/cadillac/escalade/2023/oem/2023_cadillac_escalade_4dr-suv_v_fq_oem_2_815.jpg,Cadillac  Escalade ESV
99,Cadillac, LYRIQ,https://media.ed.edmunds-media.com/cadillac/lyriq/2023/oem/2023_cadillac_lyriq_4dr-suv_luxury_fq_oem_1_815.jpg,Cadillac  LYRIQ
100,Cadillac, XT4,https://media.ed.edmunds-media.com/cadillac/xt4/2022/oem/2022_cadillac_xt4_4dr-suv_premium-luxury_fq_oem_1_815.jpg,Cadillac  XT4
101,Cadillac, XT5,https://media.ed.edmunds-media.com/cadillac/xt5/2021/oem/2021_cadillac_xt5_4dr-suv_premium-luxury_fq_oem_1_815.jpg,Cadillac  XT5
102,Cadillac, XT6,https://media.ed.edmunds-media.com/cadillac/xt6/2021/oem/2021_cadillac_xt6_4dr-suv_luxury_fq_oem_1_815.jpg,Cadillac  XT6
103,Chevy, Blazer,https://media.ed.edmunds-media.com/chevrolet/blazer/2023/oem/2023_chevrolet_blazer_4dr-suv_rs_fq_oem_1_815.jpg,Chevy  Blazer
104,Chevy, Bolt EUV,https://media.ed.edmunds-media.com/chevrolet/bolt-euv/2023/oem/2023_chevrolet_bolt-euv_4dr-hatchback_premier_fq_oem_1_815.jpg,Chevy  Bolt EUV
105,Chevy, Bolt EV,https://media.ed.edmunds-media.com/chevrolet/bolt-ev/2023/oem/2023_chevrolet_bolt-ev_4dr-hatchback_2lt_fq_oem_1_815.jpg,Chevy  Bolt EV
106,Chevy, Camaro,https://media.ed.edmunds-media.com/chevrolet/camaro/2022/oem/2022_chevrolet_camaro_coupe_2ss_fq_oem_1_815.jpg,Chevy  Camaro
107,Chevy, Colorado,https://media.ed.edmunds-media.com/chevrolet/colorado/2023/oem/2023_chevrolet_colorado_crew-cab-pickup_lt_fq_oem_1_815.jpg,Chevy  Colorado
108,Chevy, Corvette,https://media.ed.edmunds-media.com/chevrolet/corvette/2023/oem/2023_chevrolet_corvette_coupe_stingray_fq_oem_1_815.jpg,Chevy  Corvette
109,Chevy, Equinox,https://media.ed.edmunds-media.com/chevrolet/equinox/2022/oem/2022_chevrolet_equinox_4dr-suv_premier_fq_oem_1_815.jpg,Chevy  Equinox
110,Chevy, Express,https://media.ed.edmunds-media.com/chevrolet/express/2017/oem/2017_chevrolet_express_passenger-van_lt-3500_fq_oem_1_815.jpg,Chevy  Express
111,Chevy, Express Cargo,https://media.ed.edmunds-media.com/chevrolet/express-cargo/2017/oem/2017_chevrolet_express-cargo_cargo-van_2500_fq_oem_1_815.jpg,Chevy  Express Cargo
112,Chevy, Malibu,https://media.ed.edmunds-media.com/chevrolet/malibu/2021/oem/2021_chevrolet_malibu_sedan_rs_fq_oem_1_815.jpg,Chevy  Malibu
113,Chevy, Silverado 1500,https://media.ed.edmunds-media.com/chevrolet/silverado-1500/2023/oem/2023_chevrolet_silverado-1500_crew-cab-pickup_high-country_fq_oem_1_815.jpg,Chevy  Silverado 1500
114,Chevy, Silverado 1500 Limited,https://media.ed.edmunds-media.com/chevrolet/silverado-1500-limited/2022/oem/2022_chevrolet_silverado-1500-limited_crew-cab-pickup_custom_fq_oem_1_815.jpg,Chevy  Silverado 1500 Limited
115,Chevy, Silverado 2500HD,https://media.ed.edmunds-media.com/chevrolet/silverado-2500hd/2020/oem/2020_chevrolet_silverado-2500hd_crew-cab-pickup_custom_f_oem_3_815.jpg,Chevy  Silverado 2500HD
116,Chevy, Silverado 3500HD,https://media.ed.edmunds-media.com/chevrolet/silverado-3500hd/2020/oem/2020_chevrolet_silverado-3500hd_crew-cab-pickup_high-country_fq_oem_1_815.jpg,Chevy  Silverado 3500HD
117,Chevy, Spark,https://media.ed.edmunds-media.com/chevrolet/spark/2021/oem/2021_chevrolet_spark_4dr-hatchback_2lt_fq_oem_1_815.jpg,Chevy  Spark
118,Chevy, Suburban,https://media.ed.edmunds-media.com/chevrolet/suburban/2022/oem/2022_chevrolet_suburban_4dr-suv_high-country_fq_oem_1_815.jpg,Chevy  Suburban
119,Chevy, Tahoe,https://media.ed.edmunds-media.com/chevrolet/tahoe/2022/oem/2022_chevrolet_tahoe_4dr-suv_high-country_fq_oem_1_815.jpg,Chevy  Tahoe
120,Chevy, Trailblazer,https://media.ed.edmunds-media.com/chevrolet/trailblazer/2023/oem/2023_chevrolet_trailblazer_4dr-suv_activ_fq_oem_1_815.jpg,Chevy  Trailblazer
121,Chevy, Traverse,https://media.ed.edmunds-media.com/chevrolet/traverse/2022/oem/2022_chevrolet_traverse_4dr-suv_high-country_fq_oem_1_815.jpg,Chevy  Traverse
122,Chevy, Trax,https://media.ed.edmunds-media.com/chevrolet/trax/2024/oem/2024_chevrolet_trax_4dr-suv_2rs_fq_oem_1_815.jpg,Chevy  Trax
123,Chrysler, 300,https://media.ed.edmunds-media.com/chrysler/300/2023/oem/2023_chrysler_300_sedan_c_fq_oem_1_815.jpg,Chrysler  300
124,Chrysler, Pacifica,https://media.ed.edmunds-media.com/chrysler/pacifica/2023/oem/2023_chrysler_pacifica_passenger-minivan_hybrid-pinnacle_fq_oem_1_815.jpg,Chrysler  Pacifica
125,Dodge, Challenger,https://media.ed.edmunds-media.com/dodge/challenger/2023/oem/2023_dodge_challenger_coupe_gt_fq_oem_1_815.jpg,Dodge  Challenger
126,Dodge, Charger,https://media.ed.edmunds-media.com/dodge/charger/2023/oem/2023_dodge_charger_sedan_gt_fq_oem_1_815.jpg,Dodge  Charger
127,Dodge, Durango,https://media.ed.edmunds-media.com/dodge/durango/2023/oem/2023_dodge_durango_4dr-suv_citadel_fq_oem_1_815.jpg,Dodge  Durango
128,FIAT, 500X,https://media.ed.edmunds-media.com/fiat/500x/2022/oem/2022_fiat_500x_4dr-suv_pop_fq_oem_1_815.jpg,FIAT  500X
129,Ford, Bronco,https://media.ed.edmunds-media.com/ford/bronco/2023/oem/2023_ford_bronco_convertible-suv_badlands_fq_oem_5_815.jpg,Ford  Bronco
130,Ford, Bronco Sport,https://media.ed.edmunds-media.com/ford/bronco-sport/2023/oem/2023_ford_bronco-sport_4dr-suv_badlands_fq_oem_1_815.jpg,Ford  Bronco Sport
131,Ford, E-Transit Cargo Van,https://media.ed.edmunds-media.com/ford/e-transit-cargo-van/2022/oem/2022_ford_e-transit-cargo-van_cargo-van_350-high-roof_fq_oem_1_815.jpg,Ford  E-Transit Cargo Van
132,Ford, EcoSport,https://media.ed.edmunds-media.com/ford/ecosport/2022/oem/2022_ford_ecosport_4dr-suv_titanium_fq_oem_1_815.jpg,Ford  EcoSport
133,Ford, Edge,https://media.ed.edmunds-media.com/ford/edge/2022/oem/2022_ford_edge_4dr-suv_sel_fq_oem_1_815.jpg,Ford  Edge
134,Ford, Escape,https://media.ed.edmunds-media.com/ford/escape/2023/oem/2023_ford_escape_4dr-suv_plug-in-hybrid_fq_oem_1_815.jpg,Ford  Escape
135,Ford, Escape Plug-In Hybrid,https://media.ed.edmunds-media.com/ford/escape/2021/oem/2021_ford_escape_4dr-suv_se_fq_oem_1_815.jpg,Ford  Escape Plug-In Hybrid
136,Ford, Expedition,https://media.ed.edmunds-media.com/ford/expedition/2022/oem/2022_ford_expedition_4dr-suv_limited_fq_oem_1_815.jpg,Ford  Expedition
137,Ford, Explorer,https://media.ed.edmunds-media.com/ford/explorer/2021/oem/2021_ford_explorer_4dr-suv_king-ranch_fq_oem_1_815.jpg,Ford  Explorer
138,Ford, F-150,https://media.ed.edmunds-media.com/ford/f-150/2023/oem/2023_ford_f-150_crew-cab-pickup_lariat_fq_oem_3_815.jpg,Ford  F-150
139,Ford, F-150 Lightning,https://media.ed.edmunds-media.com/ford/f-150-lightning/2022/oem/2022_ford_f-150-lightning_crew-cab-pickup_lariat_fq_oem_1_815.jpg,Ford  F-150 Lightning
140,Ford, F-250 Super Duty,https://media.ed.edmunds-media.com/ford/f-250-super-duty/2020/oem/2020_ford_f-250-super-duty_crew-cab-pickup_lariat_fq_oem_1_815.jpg,Ford  F-250 Super Duty
141,Ford, F-350 Super Duty,https://media.ed.edmunds-media.com/ford/f-250-super-duty/2020/oem/2020_ford_f-250-super-duty_crew-cab-pickup_lariat_fq_oem_1_815.jpg,Ford  F-350 Super Duty
142,Ford, F-450 Super Duty,https://media.ed.edmunds-media.com/ford/f-450-super-duty/2020/oem/2020_ford_f-450-super-duty_crew-cab-pickup_limited_fq_oem_1_815.jpg,Ford  F-450 Super Duty
143,Ford, Maverick,https://media.ed.edmunds-media.com/ford/maverick/2022/oem/2022_ford_maverick_crew-cab-pickup_lariat_fq_oem_1_815.jpg,Ford  Maverick
144,Ford, Mustang,https://media.ed.edmunds-media.com/ford/mustang/2022/oem/2022_ford_mustang_coupe_ecoboost-premium_fq_oem_1_815.jpg,Ford  Mustang
145,Ford, Mustang Mach-E,https://media.ed.edmunds-media.com/ford/mustang-mach-e/2023/oem/2023_ford_mustang-mach-e_4dr-hatchback_base_fq_oem_1_815.jpg,Ford  Mustang Mach-E
146,Ford, Ranger,https://media.ed.edmunds-media.com/ford/ranger/2021/oem/2021_ford_ranger_crew-cab-pickup_lariat_fq_oem_1_815.jpg,Ford  Ranger
147,Ford, Shelby GT500,https://media.ed.edmunds-media.com/ford/shelby-gt500/2022/oem/2022_ford_shelby-gt500_coupe_base_fq_oem_5_815.jpg,Ford  Shelby GT500
148,Ford, Transit Cargo Van,https://media.ed.edmunds-media.com/ford/transit-cargo-van/2020/oem/2020_ford_transit-cargo-van_cargo-van_250-medium-roof_fq_oem_1_815.jpg,Ford  Transit Cargo Van
149,Ford, Transit Connect Cargo Van,https://media.ed.edmunds-media.com/ford/transit-connect-cargo-van/2022/oem/2022_ford_transit-connect-cargo-van_cargo-minivan_xlt_fq_oem_1_815.jpg,Ford  Transit Connect Cargo Van
150,Ford, Transit Connect Passenger Wagon,https://media.ed.edmunds-media.com/ford/transit-connect-passenger-wagon/2022/oem/2022_ford_transit-connect-passenger-wagon_passenger-minivan_wagon-xlt_fq_oem_1_815.jpg,Ford  Transit Connect Passenger Wagon
151,Ford, Transit Crew Van,https://media.ed.edmunds-media.com/ford/transit-passenger-van/2022/oem/2022_ford_transit-passenger-van_passenger-van_150-xlt-low-roof_fq_oem_1_815.jpg,Ford  Transit Crew Van
152,Ford, Transit Passenger Van,https://media.ed.edmunds-media.com/ford/transit-passenger-van/2022/oem/2022_ford_transit-passenger-van_passenger-van_150-xlt-low-roof_fq_oem_1_815.jpg,Ford  Transit Passenger Van
153,Genesis, G70,https://media.ed.edmunds-media.com/genesis/g70/2023/oem/2023_genesis_g70_sedan_33t_fq_oem_1_815.jpg,Genesis  G70
154,Genesis, G80,https://media.ed.edmunds-media.com/genesis/g80/2022/oem/2022_genesis_g80_sedan_35t-sport_fq_oem_1_815.jpg,Genesis  G80
155,Genesis, G90,https://media.ed.edmunds-media.com/genesis/g90/2023/oem/2023_genesis_g90_sedan_35t_fq_oem_1_815.jpg,Genesis  G90
156,Genesis, GV60,https://media.ed.edmunds-media.com/genesis/gv60/2023/oem/2023_genesis_gv60_4dr-suv_performance_fq_oem_1_815.jpg,Genesis  GV60
157,Genesis, GV70,https://media.ed.edmunds-media.com/genesis/gv70/2022/oem/2022_genesis_gv70_4dr-suv_25t_fq_oem_2_815.jpg,Genesis  GV70
158,Genesis, GV80,https://media.ed.edmunds-media.com/genesis/gv80/2021/oem/2021_genesis_gv80_4dr-suv_35t-advanced-plus_fq_oem_1_815.jpg,Genesis  GV80
159,GMC, Acadia,https://media.ed.edmunds-media.com/gmc/acadia/2022/oem/2022_gmc_acadia_4dr-suv_at4_fq_oem_1_815.jpg,GMC  Acadia
160,GMC, Canyon,https://media.ed.edmunds-media.com/gmc/canyon/2023/oem/2023_gmc_canyon_crew-cab-pickup_at4_fq_oem_1_815.jpg,GMC  Canyon
161,GMC, HUMMER EV,https://media.ed.edmunds-media.com/gmc/hummer-ev/2023/oem/2023_gmc_hummer-ev_crew-cab-pickup_base_fq_oem_1_815.jpg,GMC  HUMMER EV
162,GMC, Savana,https://media.ed.edmunds-media.com/gmc/savana/2023/oem/2023_gmc_savana_passenger-van_lt-3500_fq_oem_1_815.jpg,GMC  Savana
163,GMC, Savana Cargo,https://media.ed.edmunds-media.com/gmc/savana-cargo/2017/oem/2017_gmc_savana-cargo_cargo-van_2500_fq_oem_1_815.jpg,GMC  Savana Cargo
164,GMC, Sierra 1500,https://media.ed.edmunds-media.com/gmc/sierra-1500/2022/oem/2022_gmc_sierra-1500_crew-cab-pickup_at4_fq_oem_1_815.jpg,GMC  Sierra 1500
165,GMC, Sierra 1500 Limited,https://media.ed.edmunds-media.com/gmc/sierra-1500-limited/2022/oem/2022_gmc_sierra-1500-limited_crew-cab-pickup_at4_fq_oem_1_815.jpg,GMC  Sierra 1500 Limited
166,GMC, Sierra 2500HD,https://media.ed.edmunds-media.com/gmc/sierra-2500hd/2023/oem/2023_gmc_sierra-2500hd_crew-cab-pickup_at4_fq_oem_1_815.jpg,GMC  Sierra 2500HD
167,GMC, Sierra 3500HD,https://media.ed.edmunds-media.com/gmc/sierra-2500hd/2023/oem/2023_gmc_sierra-2500hd_crew-cab-pickup_at4_fq_oem_1_815.jpg,GMC  Sierra 3500HD
168,GMC, Terrain,https://media.ed.edmunds-media.com/gmc/terrain/2022/oem/2022_gmc_terrain_4dr-suv_at4_fq_oem_1_815.jpg,GMC  Terrain
169,GMC, Yukon,https://media.ed.edmunds-media.com/gmc/yukon/2023/oem/2023_gmc_yukon_4dr-suv_at4_fq_oem_1_815.jpg,GMC  Yukon
170,GMC, Yukon XL,https://media.ed.edmunds-media.com/gmc/yukon-xl/2023/oem/2023_gmc_yukon-xl_4dr-suv_denali_fq_oem_1_815.jpg,GMC  Yukon XL
171,Honda, Accord,https://media.ed.edmunds-media.com/honda/accord/2023/oem/2023_honda_accord_sedan_sport-l-hybrid_fq_oem_1_815.jpg,Honda  Accord
172,Honda, Accord Hybrid,https://media.ed.edmunds-media.com/honda/accord-hybrid/2021/oem/2021_honda_accord-hybrid_sedan_touring_fq_oem_1_815.jpg,Honda  Accord Hybrid
173,Honda, Civic,https://media.ed.edmunds-media.com/honda/civic/2023/oem/2023_honda_civic_sedan_si_fq_oem_1_815.jpg,Honda  Civic
174,Honda, Clarity,https://media.ed.edmunds-media.com/honda/clarity/2020/oem/2020_honda_clarity_sedan_fuel-cell_fq_oem_1_815.jpg,Honda  Clarity
175,Honda, CR-V,https://media.ed.edmunds-media.com/honda/cr-v/2023/oem/2023_honda_cr-v_4dr-suv_ex-l_fq_oem_1_815.jpg,Honda  CR-V
176,Honda, CR-V Hybrid,https://media.ed.edmunds-media.com/honda/cr-v-hybrid/2020/oem/2020_honda_cr-v-hybrid_4dr-suv_touring_fq_oem_1_815.jpg,Honda  CR-V Hybrid
177,Honda, HR-V,https://media.ed.edmunds-media.com/honda/hr-v/2023/oem/2023_honda_hr-v_4dr-suv_ex-l_fq_oem_1_815.jpg,Honda  HR-V
178,Honda, Insight,https://media.ed.edmunds-media.com/honda/insight/2019/oem/2019_honda_insight_sedan_touring_fq_oem_10_815.jpg,Honda  Insight
179,Honda, Odyssey,https://media.ed.edmunds-media.com/honda/odyssey/2023/oem/2023_honda_odyssey_passenger-minivan_elite_fq_oem_1_815.jpg,Honda  Odyssey
180,Honda, Passport,https://media.ed.edmunds-media.com/honda/passport/2022/oem/2022_honda_passport_4dr-suv_trailsport_fq_oem_1_815.jpg,Honda  Passport
181,Honda, Pilot,https://media.ed.edmunds-media.com/honda/pilot/2023/oem/2023_honda_pilot_4dr-suv_base_fq_oem_2_815.jpg,Honda  Pilot
182,Honda, Ridgeline,https://media.ed.edmunds-media.com/honda/ridgeline/2021/oem/2021_honda_ridgeline_crew-cab-pickup_rtl_fq_oem_1_815.jpg,Honda  Ridgeline
183,Hyundai, Accent,https://media.ed.edmunds-media.com/hyundai/accent/2021/oem/2021_hyundai_accent_sedan_limited_fq_oem_1_815.jpg,Hyundai  Accent
184,Hyundai, Elantra,https://media.ed.edmunds-media.com/hyundai/elantra/2021/oem/2021_hyundai_elantra_sedan_limited_fq_oem_10_815.jpg,Hyundai  Elantra
185,Hyundai, IONIQ 5,https://media.ed.edmunds-media.com/hyundai/ioniq-5/2022/oem/2022_hyundai_ioniq-5_4dr-suv_limited_fq_oem_1_815.jpg,Hyundai  IONIQ 5
186,Hyundai, Ioniq Hybrid,https://media.ed.edmunds-media.com/hyundai/ioniq-hybrid/2020/oem/2020_hyundai_ioniq-hybrid_4dr-hatchback_limited_fq_oem_1_815.jpg,Hyundai  Ioniq Hybrid
187,Hyundai, Ioniq Plug-In Hybrid,https://media.ed.edmunds-media.com/hyundai/ioniq-plug-in-hybrid/2020/oem/2020_hyundai_ioniq-plug-in-hybrid_4dr-hatchback_limited_fq_oem_1_815.jpg,Hyundai  Ioniq Plug-In Hybrid
188,Hyundai, Kona,https://media.ed.edmunds-media.com/hyundai/kona/2022/oem/2022_hyundai_kona_4dr-suv_limited_fq_oem_1_815.jpg,Hyundai  Kona
189,Hyundai, Kona Electric,https://media.ed.edmunds-media.com/hyundai/kona-electric/2022/oem/2022_hyundai_kona-electric_4dr-suv_limited_fq_oem_1_815.jpg,Hyundai  Kona Electric
190,Hyundai, NEXO,https://media.ed.edmunds-media.com/hyundai/nexo/2022/oem/2022_hyundai_nexo_4dr-suv_limited_fq_oem_1_815.jpg,Hyundai  NEXO
191,Hyundai, Palisade,https://media.ed.edmunds-media.com/hyundai/palisade/2023/oem/2023_hyundai_palisade_4dr-suv_calligraphy_fq_oem_1_815.jpg,Hyundai  Palisade
192,Hyundai, Santa Cruz,https://media.ed.edmunds-media.com/hyundai/santa-cruz/2023/oem/2023_hyundai_santa-cruz_crew-cab-pickup_limited_fq_oem_1_815.jpg,Hyundai  Santa Cruz
193,Hyundai, Santa Fe,https://media.ed.edmunds-media.com/hyundai/santa-fe/2023/oem/2023_hyundai_santa-fe_4dr-suv_limited_fq_oem_3_815.jpg,Hyundai  Santa Fe
194,Hyundai, Santa Fe Hybrid,https://media.ed.edmunds-media.com/hyundai/santa-fe-hybrid/2021/oem/2021_hyundai_santa-fe-hybrid_4dr-suv_limited_fq_oem_1_815.jpg,Hyundai  Santa Fe Hybrid
195,Hyundai, Santa Fe Plug-In Hybrid,https://media.ed.edmunds-media.com/hyundai/santa-fe-plug-in-hybrid/2022/oem/2022_hyundai_santa-fe-plug-in-hybrid_4dr-suv_limited_fq_oem_1_815.jpg,Hyundai  Santa Fe Plug-In Hybrid
196,Hyundai, Sonata,https://media.ed.edmunds-media.com/hyundai/sonata/2021/oem/2021_hyundai_sonata_sedan_limited_fq_oem_1_815.jpg,Hyundai  Sonata
197,Hyundai, Sonata Hybrid,https://media.ed.edmunds-media.com/hyundai/sonata-hybrid/2020/oem/2020_hyundai_sonata-hybrid_sedan_limited_fq_oem_1_815.jpg,Hyundai  Sonata Hybrid
198,Hyundai, Tucson,https://media.ed.edmunds-media.com/hyundai/tucson/2022/oem/2022_hyundai_tucson_4dr-suv_limited_fq_oem_1_815.jpg,Hyundai  Tucson
199,Hyundai, Tucson Plug-In Hybrid,https://media.ed.edmunds-media.com/hyundai/tucson-plug-in-hybrid/2022/oem/2022_hyundai_tucson-plug-in-hybrid_4dr-suv_limited_fq_oem_1_815.jpg,Hyundai  Tucson Plug-In Hybrid
200,Hyundai, Veloster,https://media.ed.edmunds-media.com/hyundai/veloster/2019/oem/2019_hyundai_veloster_2dr-hatchback_n_fq_oem_1_815.jpg,Hyundai  Veloster
201,Hyundai, Venue,https://media.ed.edmunds-media.com/hyundai/venue/2022/oem/2022_hyundai_venue_4dr-hatchback_limited_fq_oem_1_815.jpg,Hyundai  Venue
202,INFINITI, Q50,https://media.ed.edmunds-media.com/infiniti/q50/2022/oem/2022_infiniti_q50_sedan_luxe_fq_oem_1_815.jpg,INFINITI  Q50
203,INFINITI, Q60,https://media.ed.edmunds-media.com/infiniti/q60/2022/oem/2022_infiniti_q60_coupe_luxe_fq_oem_1_815.jpg,INFINITI  Q60
204,INFINITI, QX50,https://media.ed.edmunds-media.com/infiniti/qx50/2022/oem/2022_infiniti_qx50_4dr-suv_autograph_fq_oem_10_815.jpg,INFINITI  QX50
205,INFINITI, QX55,https://media.ed.edmunds-media.com/infiniti/qx55/2023/oem/2023_infiniti_qx55_4dr-suv_luxe_fq_oem_1_815.jpg,INFINITI  QX55
206,INFINITI, QX60,https://media.ed.edmunds-media.com/infiniti/qx60/2023/oem/2023_infiniti_qx60_4dr-suv_pure_fq_oem_1_815.jpg,INFINITI  QX60
207,INFINITI, QX80,https://media.ed.edmunds-media.com/infiniti/qx80/2023/oem/2023_infiniti_qx80_4dr-suv_luxe_fq_oem_1_815.jpg,INFINITI  QX80
208,Jaguar, E-PACE,https://media.ed.edmunds-media.com/jaguar/e-pace/2021/oem/2021_jaguar_e-pace_4dr-suv_p250-se_fq_oem_1_815.jpg,Jaguar  E-PACE
209,Jaguar, F-PACE,https://media.ed.edmunds-media.com/jaguar/f-pace/2021/oem/2021_jaguar_f-pace_4dr-suv_p400-r-dynamic-s_fq_oem_5_815.jpg,Jaguar  F-PACE
210,Jaguar, F-TYPE,https://media.ed.edmunds-media.com/jaguar/f-type/2022/oem/2022_jaguar_f-type_coupe_p450-r-dynamic_fq_oem_1_815.jpg,Jaguar  F-TYPE
211,Jaguar, I-PACE,https://media.ed.edmunds-media.com/jaguar/i-pace/2020/oem/2020_jaguar_i-pace_4dr-hatchback_hse_fq_oem_1_815.jpg,Jaguar  I-PACE
212,Jaguar, XF,https://media.ed.edmunds-media.com/jaguar/xf/2021/oem/2021_jaguar_xf_sedan_p300-r-dynamic-se_fq_oem_10_815.jpg,Jaguar  XF
213,Jeep, Cherokee,https://media.ed.edmunds-media.com/jeep/cherokee/2023/oem/2023_jeep_cherokee_4dr-suv_trailhawk_fq_oem_1_815.jpg,Jeep  Cherokee
214,Jeep, Compass,https://media.ed.edmunds-media.com/jeep/compass/2022/oem/2022_jeep_compass_4dr-suv_red-edition_fq_oem_1_815.jpg,Jeep  Compass
215,Jeep, Gladiator,https://media.ed.edmunds-media.com/jeep/gladiator/2021/oem/2021_jeep_gladiator_crew-cab-pickup_high-altitude_fq_oem_1_815.jpg,Jeep  Gladiator
216,Jeep, Grand Cherokee,https://media.ed.edmunds-media.com/jeep/grand-cherokee/2022/oem/2022_jeep_grand-cherokee_4dr-suv_overland_fq_oem_1_815.jpg,Jeep  Grand Cherokee
217,Jeep, Grand Cherokee 4xe,https://media.ed.edmunds-media.com/jeep/grand-cherokee-4xe/2023/oem/2023_jeep_grand-cherokee-4xe_4dr-suv_overland_fq_oem_1_815.jpg,Jeep  Grand Cherokee 4xe
218,Jeep, Grand Cherokee L,https://media.ed.edmunds-media.com/jeep/grand-cherokee-l/2022/oem/2022_jeep_grand-cherokee-l_4dr-suv_limited_fq_oem_1_815.jpg,Jeep  Grand Cherokee L
219,Jeep, Grand Cherokee WK,https://media.ed.edmunds-media.com/jeep/grand-cherokee-wk/2022/oem/2022_jeep_grand-cherokee-wk_4dr-suv_limited_fq_oem_1_815.jpg,Jeep  Grand Cherokee WK
220,Jeep, Grand Wagoneer,https://media.ed.edmunds-media.com/jeep/grand-wagoneer/2022/oem/2022_jeep_grand-wagoneer_4dr-suv_series-iii_fq_oem_1_815.jpg,Jeep  Grand Wagoneer
221,Jeep, Grand Wagoneer L,https://media.ed.edmunds-media.com/jeep/grand-wagoneer-l/2023/oem/2023_jeep_grand-wagoneer-l_4dr-suv_series-ii_fq_oem_1_815.jpg,Jeep  Grand Wagoneer L
222,Jeep, Renegade,https://media.ed.edmunds-media.com/jeep/renegade/2023/oem/2023_jeep_renegade_4dr-suv_limited_fq_oem_1_815.jpg,Jeep  Renegade
223,Jeep, Wagoneer,https://media.ed.edmunds-media.com/jeep/wagoneer/2023/oem/2023_jeep_wagoneer_4dr-suv_base_fq_oem_1_815.jpg,Jeep  Wagoneer
224,Jeep, Wagoneer L,https://media.ed.edmunds-media.com/jeep/wagoneer-l/2023/oem/2023_jeep_wagoneer-l_4dr-suv_series-ii-carbide_fq_oem_1_815.jpg,Jeep  Wagoneer L
225,Jeep, Wrangler,https://media.ed.edmunds-media.com/jeep/wrangler/2023/oem/2023_jeep_wrangler_convertible-suv_rubicon_fq_oem_1_815.jpg,Jeep  Wrangler
226,Jeep, Wrangler 4xe,https://media.ed.edmunds-media.com/jeep/wrangler-4xe/2023/oem/2023_jeep_wrangler-4xe_convertible-suv_rubicon_fq_oem_7_815.jpg,Jeep  Wrangler 4xe
227,Karma, GS-6,https://media.ed.edmunds-media.com/karma/gs-6/2021/oem/2021_karma_gs-6_sedan_luxury_fq_oem_1_815.jpg,Karma  GS-6
228,Kia, Carnival,https://media.ed.edmunds-media.com/kia/carnival/2022/oem/2022_kia_carnival_passenger-minivan_sx-prestige_fq_oem_1_815.jpg,Kia  Carnival
229,Kia, EV6,https://media.ed.edmunds-media.com/kia/ev6/2023/oem/2023_kia_ev6_4dr-suv_gt_fq_oem_1_815.jpg,Kia  EV6
230,Kia, Forte,https://media.ed.edmunds-media.com/kia/forte/2022/oem/2022_kia_forte_sedan_gt_fq_oem_1_815.jpg,Kia  Forte
231,Kia, K5,https://media.ed.edmunds-media.com/kia/k5/2022/oem/2022_kia_k5_sedan_ex_fq_oem_1_815.jpg,Kia  K5
232,Kia, Niro,https://media.ed.edmunds-media.com/kia/niro/2023/oem/2023_kia_niro_4dr-suv_sx-touring_fq_oem_1_815.jpg,Kia  Niro
233,Kia, Niro EV,https://media.ed.edmunds-media.com/kia/niro-ev/2023/oem/2023_kia_niro-ev_4dr-suv_wave_fq_oem_1_815.jpg,Kia  Niro EV
234,Kia, Niro Plug-In Hybrid,https://media.ed.edmunds-media.com/kia/niro-plug-in-hybrid/2023/oem/2023_kia_niro-plug-in-hybrid_4dr-suv_sx-touring_fq_oem_1_815.jpg,Kia  Niro Plug-In Hybrid
235,Kia, Rio,https://media.ed.edmunds-media.com/kia/rio/2022/oem/2022_kia_rio_sedan_s_fq_oem_1_815.jpg,Kia  Rio
236,Kia, Seltos,https://media.ed.edmunds-media.com/kia/seltos/2022/oem/2022_kia_seltos_4dr-suv_nightfall_fq_oem_1_815.jpg,Kia  Seltos
237,Kia, Sorento,https://media.ed.edmunds-media.com/kia/sorento/2022/oem/2022_kia_sorento_4dr-suv_sx_fq_oem_1_815.jpg,Kia  Sorento
238,Kia, Sorento Hybrid,https://media.ed.edmunds-media.com/kia/sorento-hybrid/2023/oem/2023_kia_sorento-hybrid_4dr-suv_ex_fq_oem_1_815.jpg,Kia  Sorento Hybrid
239,Kia, Sorento Plug-In Hybrid,https://media.ed.edmunds-media.com/kia/sorento-plug-in-hybrid/2023/oem/2023_kia_sorento-plug-in-hybrid_4dr-suv_sx-prestige_fq_oem_1_815.jpg,Kia  Sorento Plug-In Hybrid
240,Kia, Soul,https://media.ed.edmunds-media.com/kia/soul/2023/oem/2023_kia_soul_wagon_gt-line_fq_oem_1_815.jpg,Kia  Soul
241,Kia, Sportage,https://media.ed.edmunds-media.com/kia/sportage-hybrid/2023/oem/2023_kia_sportage-hybrid_4dr-suv_ex_fq_oem_14_815.jpg,Kia  Sportage
242,Kia, Sportage Hybrid,https://media.ed.edmunds-media.com/kia/sportage-hybrid/2023/oem/2023_kia_sportage-hybrid_4dr-suv_ex_fq_oem_1_815.jpg,Kia  Sportage Hybrid
243,Kia, Sportage Plug-In Hybrid,https://media.ed.edmunds-media.com/kia/sportage-plug-in-hybrid/2023/oem/2023_kia_sportage-plug-in-hybrid_4dr-suv_x-line-prestige_fq_oem_1_815.jpg,Kia  Sportage Plug-In Hybrid
244,Kia, Stinger,https://media.ed.edmunds-media.com/kia/stinger/2022/oem/2022_kia_stinger_sedan_gt-line_fq_oem_1_815.jpg,Kia  Stinger
245,Kia, Telluride,https://media.ed.edmunds-media.com/kia/telluride/2023/oem/2023_kia_telluride_4dr-suv_base_fq_oem_1_815.jpg,Kia  Telluride
246,Lamborghini, Aventador,https://media.ed.edmunds-media.com/lamborghini/aventador/2022/oem/2022_lamborghini_aventador_convertible_ultimae-roadster_fq_oem_1_815.jpg,Lamborghini  Aventador
247,Lamborghini, Huracan,https://media.ed.edmunds-media.com/lamborghini/huracan/2021/oem/2021_lamborghini_huracan_coupe_evo_fq_oem_1_815.jpg,Lamborghini  Huracan
248,Lamborghini, Huracan STO,https://media.ed.edmunds-media.com/lamborghini/huracan-sto/2022/oem/2022_lamborghini_huracan-sto_coupe_base_fq_oem_1_815.jpg,Lamborghini  Huracan STO
249,Lamborghini, Urus,https://media.ed.edmunds-media.com/lamborghini/urus/2022/oem/2022_lamborghini_urus_4dr-suv_base_fq_oem_1_815.jpg,Lamborghini  Urus
250,Land, Rover Defender,https://media.ed.edmunds-media.com/land-rover/defender/2022/oem/2022_land-rover_defender_4dr-suv_110-p400-se_fq_oem_1_815.jpg,Land  Rover Defender
251,Land, Rover Discovery,https://media.ed.edmunds-media.com/land-rover/discovery/2023/oem/2023_land-rover_discovery_4dr-suv_p300-r-dynamic-s_fq_oem_1_815.jpg,Land  Rover Discovery
252,Land, Rover Discovery Sport,https://media.ed.edmunds-media.com/land-rover/discovery-sport/2020/oem/2020_land-rover_discovery-sport_4dr-suv_p250-r-dynamic-se_fq_oem_1_815.jpg,Land  Rover Discovery Sport
253,Land, Rover Range Rover,https://media.ed.edmunds-media.com/land-rover/range-rover/2022/oem/2022_land-rover_range-rover_4dr-suv_p530-autobiography-lwb-5_fq_oem_1_815.jpg,Land  Rover Range Rover
254,Land, Rover Range Rover Evoque,https://media.ed.edmunds-media.com/land-rover/range-rover-evoque/2022/oem/2022_land-rover_range-rover-evoque_4dr-suv_p250-se_fq_oem_1_815.jpg,Land  Rover Range Rover Evoque
255,Land, Rover Range Rover Sport,https://media.ed.edmunds-media.com/land-rover/range-rover-sport/2021/oem/2021_land-rover_range-rover-sport_4dr-suv_p525-hse-dynamic_fq_oem_1_815.jpg,Land  Rover Range Rover Sport
256,Land, Rover Range Rover Velar,https://media.ed.edmunds-media.com/land-rover/range-rover-velar/2023/oem/2023_land-rover_range-rover-velar_4dr-suv_p340-r-dynamic-s_fq_oem_1_815.jpg,Land  Rover Range Rover Velar
257,Lexus, ES 250,https://media.ed.edmunds-media.com/lexus/es-250/2023/oem/2023_lexus_es-250_sedan_f-sport-design_fq_oem_1_815.jpg,Lexus  ES 250
258,Lexus, ES 300h,https://media.ed.edmunds-media.com/lexus/es-300h/2023/oem/2023_lexus_es-300h_sedan_f-sport-design_fq_oem_1_815.jpg,Lexus  ES 300h
259,Lexus, ES 350,https://media.ed.edmunds-media.com/lexus/es-350/2023/oem/2023_lexus_es-350_sedan_f-sport-handling_fq_oem_1_815.jpg,Lexus  ES 350
260,Lexus, GX 460,https://media.ed.edmunds-media.com/lexus/gx-460/2023/oem/2023_lexus_gx-460_4dr-suv_base_fq_oem_1_815.jpg,Lexus  GX 460
261,Lexus, IS 300,https://media.ed.edmunds-media.com/lexus/is-300/2022/oem/2022_lexus_is-300_sedan_base_fq_oem_1_815.jpg,Lexus  IS 300
262,Lexus, IS 350,https://media.ed.edmunds-media.com/lexus/is-350/2022/oem/2022_lexus_is-350_sedan_f-sport_fq_oem_1_815.jpg,Lexus  IS 350
263,Lexus, IS 500,https://media.ed.edmunds-media.com/lexus/is-500/2023/oem/2023_lexus_is-500_sedan_f-sport-performance-premium_fq_oem_1_815.jpg,Lexus  IS 500
264,Lexus, LC 500,https://media.ed.edmunds-media.com/lexus/lc-500/2022/oem/2022_lexus_lc-500_coupe_base_fq_oem_1_815.jpg,Lexus  LC 500
265,Lexus, LC 500 Convertible,https://media.ed.edmunds-media.com/lexus/lc-500-convertible/2022/oem/2022_lexus_lc-500-convertible_convertible_base_fq_oem_1_815.jpg,Lexus  LC 500 Convertible
266,Lexus, LC 500h,https://media.ed.edmunds-media.com/lexus/lc-500h/2022/oem/2022_lexus_lc-500h_coupe_base_fq_oem_1_815.jpg,Lexus  LC 500h
267,Lexus, LS 500,https://media.ed.edmunds-media.com/lexus/ls-500/2022/oem/2022_lexus_ls-500_sedan_f-sport_fq_oem_1_815.jpg,Lexus  LS 500
268,Lexus, LS 500h,https://media.ed.edmunds-media.com/lexus/ls-500h/2023/oem/2023_lexus_ls-500h_sedan_base_fq_oem_1_815.jpg,Lexus  LS 500h
269,Lexus, LX 570,https://media.ed.edmunds-media.com/lexus/lx-570/2018/oem/2018_lexus_lx-570_4dr-suv_three-row_fq_oem_1_815.jpg,Lexus  LX 570
270,Lexus, LX 600,https://media.ed.edmunds-media.com/lexus/lx-600/2022/oem/2022_lexus_lx-600_4dr-suv_f-sport-handling_fq_oem_1_815.jpg,Lexus  LX 600
271,Lexus, NX 250,https://media.ed.edmunds-media.com/lexus/nx-250/2022/oem/2022_lexus_nx-250_4dr-suv_luxury_fq_oem_1_815.jpg,Lexus  NX 250
272,Lexus, NX 300,https://media.ed.edmunds-media.com/lexus/nx-300/2018/oem/2018_lexus_nx-300_4dr-suv_f-sport_fq_oem_1_815.jpg,Lexus  NX 300
273,Lexus, NX 300h,https://media.ed.edmunds-media.com/lexus/nx-300h/2021/oem/2021_lexus_nx-300h_4dr-suv_base_fq_oem_1_815.jpg,Lexus  NX 300h
274,Lexus, NX 350,https://media.ed.edmunds-media.com/lexus/nx-350/2022/oem/2022_lexus_nx-350_4dr-suv_f-sport-handling_fq_oem_1_815.jpg,Lexus  NX 350
275,Lexus, NX 350h,https://media.ed.edmunds-media.com/lexus/nx-350h/2022/oem/2022_lexus_nx-350h_4dr-suv_luxury_fq_oem_1_815.jpg,Lexus  NX 350h
276,Lexus, NX 450h+,https://media.ed.edmunds-media.com/lexus/nx-450hplus/2022/oem/2022_lexus_nx-450hplus_4dr-suv_f-sport-handling_fq_oem_1_815.jpg,Lexus  NX 450h+
277,Lexus, RC 300,https://media.ed.edmunds-media.com/lexus/rc-300/2023/oem/2023_lexus_rc-300_coupe_base_fq_oem_1_815.jpg,Lexus  RC 300
278,Lexus, RC 350,https://media.ed.edmunds-media.com/lexus/rc-350/2023/oem/2023_lexus_rc-350_coupe_base_fq_oem_1_815.jpg,Lexus  RC 350
279,Lexus, RC F,https://media.ed.edmunds-media.com/lexus/rc-f/2023/oem/2023_lexus_rc-f_coupe_base_fq_oem_1_815.jpg,Lexus  RC F
280,Lexus, RX 350,https://media.ed.edmunds-media.com/lexus/rx-350/2023/oem/2023_lexus_rx-350_4dr-suv_base_fq_oem_1_815.jpg,Lexus  RX 350
281,Lexus, RX 350h,https://media.ed.edmunds-media.com/lexus/rx-350h/2023/oem/2023_lexus_rx-350h_4dr-suv_base_fq_oem_1_815.jpg,Lexus  RX 350h
282,Lexus, RX 350L,https://media.ed.edmunds-media.com/lexus/rx-350l/2021/oem/2021_lexus_rx-350l_4dr-suv_luxury_fq_oem_1_815.jpg,Lexus  RX 350L
283,Lexus, RX 450h,https://media.ed.edmunds-media.com/lexus/rx-450h/2021/oem/2021_lexus_rx-450h_4dr-suv_f-sport_fq_oem_1_815.jpg,Lexus  RX 450h
284,Lexus, RX 450hL,https://media.ed.edmunds-media.com/lexus/rx-450hl/2020/oem/2020_lexus_rx-450hl_4dr-suv_luxury_fq_oem_1_815.jpg,Lexus  RX 450hL
285,Lexus, UX 200,https://media.ed.edmunds-media.com/lexus/ux-200/2019/oem/2019_lexus_ux-200_4dr-suv_base_fq_oem_1_815.jpg,Lexus  UX 200
286,Lexus, UX 250h,https://media.ed.edmunds-media.com/lexus/ux-250h/2023/oem/2023_lexus_ux-250h_4dr-suv_f-sport-handling_fq_oem_1_815.jpg,Lexus  UX 250h
287,Lincoln, Aviator,https://media.ed.edmunds-media.com/lincoln/aviator/2020/oem/2020_lincoln_aviator_4dr-suv_black-label_fq_oem_1_815.jpg,Lincoln  Aviator
288,Lincoln, Corsair,https://media.ed.edmunds-media.com/lincoln/corsair/2021/oem/2021_lincoln_corsair_4dr-suv_grand-touring_fq_oem_1_815.jpg,Lincoln  Corsair
289,Lincoln, Nautilus,https://media.ed.edmunds-media.com/lincoln/nautilus/2021/oem/2021_lincoln_nautilus_4dr-suv_black-label_fq_oem_1_815.jpg,Lincoln  Nautilus
290,Lincoln, Navigator,https://media.ed.edmunds-media.com/lincoln/navigator/2022/oem/2022_lincoln_navigator_4dr-suv_black-label_fq_oem_1_815.jpg,Lincoln  Navigator
291,Lucid, Air,https://media.ed.edmunds-media.com/lucid/air/2022/oem/2022_lucid_air_sedan_dream-edition-performance_fq_oem_1_815.jpg,Lucid  Air
292,Maserati, Ghibli,https://media.ed.edmunds-media.com/maserati/ghibli/2022/oem/2022_maserati_ghibli_sedan_gt_fq_oem_1_815.jpg,Maserati  Ghibli
293,Maserati, Levante,https://media.ed.edmunds-media.com/maserati/levante/2022/oem/2022_maserati_levante_4dr-suv_gt_fq_oem_1_815.jpg,Maserati  Levante
294,Maserati, MC20,https://media.ed.edmunds-media.com/maserati/mc20/2022/oem/2022_maserati_mc20_coupe_base_fq_oem_1_815.jpg,Maserati  MC20
295,Maserati, Quattroporte,https://media.ed.edmunds-media.com/maserati/quattroporte/2022/oem/2022_maserati_quattroporte_sedan_trofeo_fq_oem_1_815.jpg,Maserati  Quattroporte
296,Mazda, 3,https://media.ed.edmunds-media.com/mazda/3/2023/oem/2023_mazda_3_4dr-hatchback_25-turbo-premium-plus_fq_oem_1_815.jpg,Mazda  3
297,Mazda, CX-3,https://media.ed.edmunds-media.com/mazda/cx-3/2019/oem/2019_mazda_cx-3_4dr-suv_grand-touring_fq_oem_1_815.jpg,Mazda  CX-3
298,Mazda, CX-30,https://media.ed.edmunds-media.com/mazda/cx-30/2022/oem/2022_mazda_cx-30_4dr-suv_carbon-edition_fq_oem_1_815.jpg,Mazda  CX-30
299,Mazda, CX-5,https://media.ed.edmunds-media.com/mazda/cx-5/2022/oem/2022_mazda_cx-5_4dr-suv_25-turbo_fq_oem_1_815.jpg,Mazda  CX-5
300,Mazda, CX-50,https://media.ed.edmunds-media.com/mazda/cx-50/2023/oem/2023_mazda_cx-50_4dr-suv_25-turbo-meridian-edition_fq_oem_1_815.jpg,Mazda  CX-50
301,Mazda, CX-9,https://media.ed.edmunds-media.com/mazda/cx-9/2021/oem/2021_mazda_cx-9_4dr-suv_carbon-edition_fq_oem_1_815.jpg,Mazda  CX-9
302,Mazda, MX-30,https://media.ed.edmunds-media.com/mazda/mx-30/2022/oem/2022_mazda_mx-30_4dr-suv_base_fq_oem_1_815.jpg,Mazda  MX-30
303,Mazda, MX-5 Miata,https://media.ed.edmunds-media.com/mazda/mx-5-miata/2022/oem/2022_mazda_mx-5-miata_convertible_club_fq_oem_1_815.jpg,Mazda  MX-5 Miata
304,Mazda, MX-5 Miata RF,https://media.ed.edmunds-media.com/mazda/mx-5-miata-rf/2020/oem/2020_mazda_mx-5-miata-rf_convertible_grand-touring_fq_oem_1_815.jpg,Mazda  MX-5 Miata RF
305,McLaren, 720S,https://media.ed.edmunds-media.com/mclaren/720s/2021/oem/2021_mclaren_720s_coupe_base_fq_oem_1_815.jpg,McLaren  720S
306,McLaren, 720S Spider,https://media.ed.edmunds-media.com/mclaren/720s-spider/2021/oem/2021_mclaren_720s-spider_convertible_base_fq_oem_1_815.jpg,McLaren  720S Spider
307,McLaren, 765LT Spider,https://media.ed.edmunds-media.com/mclaren/765lt-spider/2022/oem/2022_mclaren_765lt-spider_convertible_base_fq_oem_1_815.jpg,McLaren  765LT Spider
308,McLaren, Artura,https://media.ed.edmunds-media.com/mclaren/artura/2023/oem/2023_mclaren_artura_coupe_base_fq_oem_10_815.jpg,McLaren  Artura
309,McLaren, GT,https://media.ed.edmunds-media.com/mclaren/gt/2020/oem/2020_mclaren_gt_coupe_base_fq_oem_10_815.jpg,McLaren  GT
310,Mercedes-Benz, A-Class,https://media.ed.edmunds-media.com/mercedes-benz/a-class/2021/oem/2021_mercedes-benz_a-class_sedan_a-220-4matic_fq_oem_1_815.jpg,Mercedes-Benz  A-Class
311,Mercedes-Benz, AMG GT,https://media.ed.edmunds-media.com/mercedes-benz/amg-gt/2023/oem/2023_mercedes-benz_amg-gt_sedan_53_fq_oem_1_815.jpg,Mercedes-Benz  AMG GT
312,Mercedes-Benz, C-Class,https://media.ed.edmunds-media.com/mercedes-benz/c-class/2023/oem/2023_mercedes-benz_c-class_sedan_amg-c-43_fq_oem_1_815.jpg,Mercedes-Benz  C-Class
313,Mercedes-Benz, CLA-Class,https://media.ed.edmunds-media.com/mercedes-benz/cla-class/2020/oem/2020_mercedes-benz_cla-class_sedan_amg-cla-35_fq_oem_1_815.jpg,Mercedes-Benz  CLA-Class
314,Mercedes-Benz, CLS-Class,https://media.ed.edmunds-media.com/mercedes-benz/cls-class/2022/oem/2022_mercedes-benz_cls-class_sedan_cls-450-4matic_fq_oem_1_815.jpg,Mercedes-Benz  CLS-Class
315,Mercedes-Benz, E-Class,https://media.ed.edmunds-media.com/mercedes-benz/e-class/2023/oem/2023_mercedes-benz_e-class_sedan_amg-e-53_fq_oem_1_815.jpg,Mercedes-Benz  E-Class
316,Mercedes-Benz, EQB,https://media.ed.edmunds-media.com/mercedes-benz/eqb/2022/fe/2022_mercedes-benz_eqb_actr34_fe_903211_815.jpg,Mercedes-Benz  EQB
317,Mercedes-Benz, EQS,https://media.ed.edmunds-media.com/mercedes-benz/eqs/2023/oem/2023_mercedes-benz_eqs_sedan_amg-eqs_fq_oem_1_815.jpg,Mercedes-Benz  EQS
318,Mercedes-Benz, EQS SUV,https://media.ed.edmunds-media.com/mercedes-benz/eqs-suv/2023/oem/2023_mercedes-benz_eqs-suv_4dr-suv_eqs-450-4matic_fq_oem_1_815.jpg,Mercedes-Benz  EQS SUV
319,Mercedes-Benz, G-Class,https://media.ed.edmunds-media.com/mercedes-benz/g-class/2023/oem/2023_mercedes-benz_g-class_4dr-suv_amg-g-63_fq_oem_10_815.jpg,Mercedes-Benz  G-Class
320,Mercedes-Benz, GLA-Class,https://media.ed.edmunds-media.com/mercedes-benz/gla-class/2021/oem/2021_mercedes-benz_gla-class_4dr-suv_amg-gla-35_fq_oem_1_815.jpg,Mercedes-Benz  GLA-Class
321,Mercedes-Benz, GLB-Class,https://media.ed.edmunds-media.com/mercedes-benz/glb-class/2021/oem/2021_mercedes-benz_glb-class_4dr-suv_amg-glb-35_fq_oem_1_815.jpg,Mercedes-Benz  GLB-Class
322,Mercedes-Benz, GLC-Class,https://media.ed.edmunds-media.com/mercedes-benz/glc-class/2022/oem/2022_mercedes-benz_glc-class_4dr-suv_amg-glc-43_fq_oem_1_815.jpg,Mercedes-Benz  GLC-Class
323,Mercedes-Benz, GLC-Class Coupe,https://media.ed.edmunds-media.com/mercedes-benz/glc-class-coupe/2020/oem/2020_mercedes-benz_glc-class-coupe_4dr-suv_amg-glc-43_fq_oem_1_815.jpg,Mercedes-Benz  GLC-Class Coupe
324,Mercedes-Benz, GLE-Class,https://media.ed.edmunds-media.com/mercedes-benz/gle-class/2021/oem/2021_mercedes-benz_gle-class_4dr-suv_amg-gle-53_fq_oem_1_815.jpg,Mercedes-Benz  GLE-Class
325,Mercedes-Benz, GLE-Class Coupe,https://media.ed.edmunds-media.com/mercedes-benz/gle-class-coupe/2021/oem/2021_mercedes-benz_gle-class-coupe_4dr-suv_amg-gle-53_fq_oem_1_815.jpg,Mercedes-Benz  GLE-Class Coupe
326,Mercedes-Benz, GLS-Class,https://media.ed.edmunds-media.com/mercedes-benz/gls-class/2021/oem/2021_mercedes-benz_gls-class_4dr-suv_amg-gls-63_fq_oem_1_815.jpg,Mercedes-Benz  GLS-Class
327,Mercedes-Benz, Maybach,https://media.ed.edmunds-media.com/stockphotos/mercedes-benz/maybach/2023/default-815x543.jpg,Mercedes-Benz  Maybach
328,Mercedes-Benz, Maybach GLS,https://media.ed.edmunds-media.com/mercedes-benz/maybach-gls/2021/oem/2021_mercedes-benz_maybach-gls_4dr-suv_gls-600_fq_oem_1_815.jpg,Mercedes-Benz  Maybach GLS
329,Mercedes-Benz, Metris,https://media.ed.edmunds-media.com/mercedes-benz/metris/2021/oem/2021_mercedes-benz_metris_cargo-minivan_126-wb-cargo_fq_oem_1_815.jpg,Mercedes-Benz  Metris
330,Mercedes-Benz, S-Class,https://media.ed.edmunds-media.com/mercedes-benz/s-class/2021/oem/2021_mercedes-benz_s-class_sedan_s-500-4matic_fq_oem_1_815.jpg,Mercedes-Benz  S-Class
331,Mercedes-Benz, SL-Class,https://media.ed.edmunds-media.com/mercedes-benz/sl-class/2022/oem/2022_mercedes-benz_sl-class_convertible_amg-sl-55_fq_oem_1_815.jpg,Mercedes-Benz  SL-Class
332,Mercedes-Benz, Sprinter,https://media.ed.edmunds-media.com/mercedes-benz/sprinter/2023/oem/2023_mercedes-benz_sprinter_cargo-van_2500-144-wb-cargo_fq_oem_1_815.jpg,Mercedes-Benz  Sprinter
333,MINI, Clubman,https://media.ed.edmunds-media.com/mini/clubman/2023/oem/2023_mini_clubman_4dr-hatchback_cooper-s_fq_oem_1_815.jpg,MINI  Clubman
334,MINI, Convertible,https://media.ed.edmunds-media.com/mini/convertible/2023/oem/2023_mini_convertible_convertible_cooper-s_fq_oem_1_815.jpg,MINI  Convertible
335,MINI, Countryman,https://media.ed.edmunds-media.com/mini/countryman/2021/oem/2021_mini_countryman_wagon_cooper-s-all4_fq_oem_1_815.jpg,MINI  Countryman
336,MINI, Hardtop 2 Door,https://media.ed.edmunds-media.com/mini/hardtop-2-door/2023/oem/2023_mini_hardtop-2-door_2dr-hatchback_cooper-classic_fq_oem_1_815.jpg,MINI  Hardtop 2 Door
337,MINI, Hardtop 4 Door,https://media.ed.edmunds-media.com/mini/hardtop-4-door/2023/oem/2023_mini_hardtop-4-door_4dr-hatchback_cooper-s_fq_oem_1_815.jpg,MINI  Hardtop 4 Door
338,Mitsubishi, Eclipse Cross,https://media.ed.edmunds-media.com/mitsubishi/eclipse-cross/2022/oem/2022_mitsubishi_eclipse-cross_4dr-suv_sel_fq_oem_1_815.jpg,Mitsubishi  Eclipse Cross
339,Mitsubishi, Mirage,https://media.ed.edmunds-media.com/mitsubishi/mirage/2022/oem/2022_mitsubishi_mirage_4dr-hatchback_black-edition_fq_oem_1_815.jpg,Mitsubishi  Mirage
340,Mitsubishi, Mirage G4,https://media.ed.edmunds-media.com/mitsubishi/mirage-g4/2022/oem/2022_mitsubishi_mirage-g4_sedan_se_fq_oem_1_815.jpg,Mitsubishi  Mirage G4
341,Mitsubishi, Outlander,https://media.ed.edmunds-media.com/mitsubishi/outlander/2023/oem/2023_mitsubishi_outlander_4dr-suv_se_fq_oem_1_815.jpg,Mitsubishi  Outlander
342,Mitsubishi, Outlander PHEV,https://media.ed.edmunds-media.com/mitsubishi/outlander-phev/2023/oem/2023_mitsubishi_outlander-phev_4dr-suv_40th-anniversary_fq_oem_1_815.jpg,Mitsubishi  Outlander PHEV
343,Mitsubishi, Outlander Sport,https://media.ed.edmunds-media.com/mitsubishi/outlander-sport/2021/oem/2021_mitsubishi_outlander-sport_4dr-suv_20-se_fq_oem_1_815.jpg,Mitsubishi  Outlander Sport
344,Nissan, Altima,https://media.ed.edmunds-media.com/nissan/altima/2023/oem/2023_nissan_altima_sedan_vc-t-sr_fq_oem_1_815.jpg,Nissan  Altima
345,Nissan, ARIYA,https://media.ed.edmunds-media.com/nissan/ariya/2023/oem/2023_nissan_ariya_4dr-suv_platinumplus-e-4orce_fq_oem_1_815.jpg,Nissan  ARIYA
346,Nissan, Armada,https://media.ed.edmunds-media.com/nissan/armada/2022/oem/2022_nissan_armada_4dr-suv_platinum_fq_oem_1_815.jpg,Nissan  Armada
347,Nissan, Frontier,https://media.ed.edmunds-media.com/nissan/frontier/2022/oem/2022_nissan_frontier_crew-cab-pickup_pro-4x_fq_oem_1_815.jpg,Nissan  Frontier
348,Nissan, GT-R,https://media.ed.edmunds-media.com/nissan/gt-r/2023/oem/2023_nissan_gt-r_coupe_nismo_fq_oem_1_815.jpg,Nissan  GT-R
349,Nissan, Kicks,https://media.ed.edmunds-media.com/nissan/kicks/2022/oem/2022_nissan_kicks_4dr-hatchback_sr_fq_oem_1_815.jpg,Nissan  Kicks
350,Nissan, LEAF,https://media.ed.edmunds-media.com/nissan/leaf/2023/oem/2023_nissan_leaf_4dr-hatchback_sv-plus_fq_oem_1_815.jpg,Nissan  LEAF
351,Nissan, Maxima,https://media.ed.edmunds-media.com/nissan/maxima/2022/oem/2022_nissan_maxima_sedan_35-sr_fq_oem_1_815.jpg,Nissan  Maxima
352,Nissan, Murano,https://media.ed.edmunds-media.com/nissan/murano/2020/oem/2020_nissan_murano_4dr-suv_platinum_fq_oem_1_815.jpg,Nissan  Murano
353,Nissan, Pathfinder,https://media.ed.edmunds-media.com/nissan/pathfinder/2023/oem/2023_nissan_pathfinder_4dr-suv_platinum_fq_oem_1_815.jpg,Nissan  Pathfinder
354,Nissan, Rogue,https://media.ed.edmunds-media.com/nissan/rogue/2023/oem/2023_nissan_rogue_4dr-suv_platinum_fq_oem_1_815.jpg,Nissan  Rogue
355,Nissan, Rogue Sport,https://media.ed.edmunds-media.com/nissan/rogue-sport/2022/oem/2022_nissan_rogue-sport_4dr-suv_sl_fq_oem_1_815.jpg,Nissan  Rogue Sport
356,Nissan, Sentra,https://media.ed.edmunds-media.com/nissan/sentra/2022/oem/2022_nissan_sentra_sedan_sv_fq_oem_1_815.jpg,Nissan  Sentra
357,Nissan, Titan,https://media.ed.edmunds-media.com/nissan/titan/2021/oem/2021_nissan_titan_crew-cab-pickup_pro-4x_fq_oem_1_815.jpg,Nissan  Titan
358,Nissan, Titan XD,https://media.ed.edmunds-media.com/nissan/titan-xd/2020/oem/2020_nissan_titan-xd_crew-cab-pickup_platinum-reserve_fq_oem_1_815.jpg,Nissan  Titan XD
359,Nissan, Versa,https://media.ed.edmunds-media.com/nissan/versa/2023/oem/2023_nissan_versa_sedan_sr_fq_oem_1_815.jpg,Nissan  Versa
360,Nissan, Z,https://media.ed.edmunds-media.com/nissan/z/2023/oem/2023_nissan_z_coupe_performance_fq_oem_1_815.jpg,Nissan  Z
361,Polestar, 2,https://media.ed.edmunds-media.com/polestar/2/2023/oem/2023_polestar_2_4dr-hatchback_long-range-dual-motor_fq_oem_1_815.jpg,Polestar  2
362,Porsche, 718 Boxster,https://media.ed.edmunds-media.com/porsche/718-boxster/2021/oem/2021_porsche_718-boxster_convertible_base_fq_oem_2_815.jpg,Porsche  718 Boxster
363,Porsche, 718 Cayman,https://media.ed.edmunds-media.com/porsche/718-cayman/2023/oem/2023_porsche_718-cayman_coupe_gt4_fq_oem_1_815.jpg,Porsche  718 Cayman
364,Porsche, 911,https://media.ed.edmunds-media.com/porsche/911/2023/oem/2023_porsche_911_coupe_carrera-4_fq_oem_1_815.jpg,Porsche  911
365,Porsche, Cayenne,https://media.ed.edmunds-media.com/porsche/cayenne/2023/oem/2023_porsche_cayenne_4dr-suv_base_fq_oem_1_815.jpg,Porsche  Cayenne
366,Porsche, Cayenne Coupe,https://media.ed.edmunds-media.com/porsche/cayenne-coupe/2022/oem/2022_porsche_cayenne-coupe_4dr-suv_base_fq_oem_1_815.jpg,Porsche  Cayenne Coupe
367,Porsche, Macan,https://media.ed.edmunds-media.com/porsche/macan/2023/oem/2023_porsche_macan_4dr-suv_gts_fq_oem_1_815.jpg,Porsche  Macan
368,Porsche, Panamera,https://media.ed.edmunds-media.com/porsche/panamera/2022/oem/2022_porsche_panamera_sedan_4-e-hybrid-platinum-edition_fq_oem_3_815.jpg,Porsche  Panamera
369,Porsche, Taycan,https://media.ed.edmunds-media.com/porsche/taycan/2022/oem/2022_porsche_taycan_sedan_4s_fq_oem_1_815.jpg,Porsche  Taycan
370,Ram, 1500,https://media.ed.edmunds-media.com/ram/1500/2023/oem/2023_ram_1500_crew-cab-pickup_big-horn_fq_oem_1_815.jpg,Ram  1500
371,Ram, 1500 Classic,https://media.ed.edmunds-media.com/ram/1500-classic/2021/oem/2021_ram_1500-classic_crew-cab-pickup_express_fq_oem_1_815.jpg,Ram  1500 Classic
372,Ram, 2500,https://media.ed.edmunds-media.com/ram/2500/2023/oem/2023_ram_2500_crew-cab-pickup_big-horn_fq_oem_1_815.jpg,Ram  2500
373,Ram, 3500,https://media.ed.edmunds-media.com/ram/3500/2019/oem/2019_ram_3500_regular-cab-pickup_big-horn_fq_oem_1_815.jpg,Ram  3500
374,Ram, Promaster Cargo Van,https://media.ed.edmunds-media.com/ram/promaster-cargo-van/2023/oem/2023_ram_promaster-cargo-van_cargo-van_1500-low-roof_fq_oem_1_815.jpg,Ram  Promaster Cargo Van
375,Ram, Promaster City,https://media.ed.edmunds-media.com/ram/promaster-city/2022/oem/2022_ram_promaster-city_cargo-minivan_cargo_fq_oem_1_815.jpg,Ram  Promaster City
376,Ram, Promaster Window Van,https://media.ed.edmunds-media.com/ram/promaster-window-van/2021/oem/2021_ram_promaster-window-van_cargo-van_2500-high-roof_fq_oem_1_815.jpg,Ram  Promaster Window Van
377,Rivian, R1T,https://media.ed.edmunds-media.com/rivian/r1t/2022/oem/2022_rivian_r1t_crew-cab-pickup_adventure_fq_oem_1_815.jpg,Rivian  R1T
378,Rolls-Royce, Cullinan,https://media.ed.edmunds-media.com/rolls-royce/cullinan/2020/oem/2020_rolls-royce_cullinan_4dr-suv_base_fq_oem_1_815.jpg,Rolls-Royce  Cullinan
379,Rolls-Royce, Ghost,https://media.ed.edmunds-media.com/rolls-royce/ghost/2021/oem/2021_rolls-royce_ghost_sedan_base_fq_oem_1_815.jpg,Rolls-Royce  Ghost
380,Rolls-Royce, Phantom,https://media.ed.edmunds-media.com/rolls-royce/phantom/2018/oem/2018_rolls-royce_phantom_sedan_base_fq_oem_1_815.jpg,Rolls-Royce  Phantom
381,Subaru, Ascent,https://media.ed.edmunds-media.com/subaru/ascent/2022/oem/2022_subaru_ascent_4dr-suv_onyx-edition_fq_oem_1_815.jpg,Subaru  Ascent
382,Subaru, BRZ,https://media.ed.edmunds-media.com/subaru/brz/2022/oem/2022_subaru_brz_coupe_limited_fq_oem_2_815.jpg,Subaru  BRZ
383,Subaru, Crosstrek,https://media.ed.edmunds-media.com/subaru/crosstrek/2023/oem/2023_subaru_crosstrek_4dr-suv_hybrid_fq_oem_1_815.jpg,Subaru  Crosstrek
384,Subaru, Forester,https://media.ed.edmunds-media.com/subaru/forester/2022/oem/2022_subaru_forester_4dr-suv_wilderness_fq_oem_2_815.jpg,Subaru  Forester
385,Subaru, Impreza,https://media.ed.edmunds-media.com/subaru/impreza/2022/oem/2022_subaru_impreza_4dr-hatchback_limited_fq_oem_1_815.jpg,Subaru  Impreza
386,Subaru, Legacy,https://media.ed.edmunds-media.com/subaru/legacy/2023/oem/2023_subaru_legacy_sedan_sport_fq_oem_1_815.jpg,Subaru  Legacy
387,Subaru, Outback,https://media.ed.edmunds-media.com/subaru/outback/2022/oem/2022_subaru_outback_4dr-suv_wilderness_fq_oem_1_815.jpg,Subaru  Outback
388,Subaru, Solterra,https://media.ed.edmunds-media.com/subaru/solterra/2023/oem/2023_subaru_solterra_4dr-suv_premium_fq_oem_1_815.jpg,Subaru  Solterra
389,Subaru, WRX,https://media.ed.edmunds-media.com/subaru/wrx/2022/oem/2022_subaru_wrx_sedan_limited_fq_oem_1_815.jpg,Subaru  WRX
390,Tesla, Model 3,https://media.ed.edmunds-media.com/tesla/model-3/2022/oem/2022_tesla_model-3_sedan_performance_fq_oem_1_815.jpg,Tesla  Model 3
391,Tesla, Model S,https://media.ed.edmunds-media.com/tesla/model-s/2021/oem/2021_tesla_model-s_sedan_plaid_fq_oem_1_815.jpg,Tesla  Model S
392,Tesla, Model X,https://media.ed.edmunds-media.com/tesla/model-x/2021/oem/2021_tesla_model-x_4dr-suv_plaid_fq_oem_1_815.jpg,Tesla  Model X
393,Tesla, Model Y,https://media.ed.edmunds-media.com/tesla/model-y/2022/oem/2022_tesla_model-y_4dr-suv_performance_fq_oem_1_815.jpg,Tesla  Model Y
394,Toyota, 4Runner,https://media.ed.edmunds-media.com/toyota/4runner/2023/oem/2023_toyota_4runner_4dr-suv_40th-anniversary-special-edition_fq_oem_1_815.jpg,Toyota  4Runner
395,Toyota, Avalon,https://media.ed.edmunds-media.com/toyota/avalon/2021/oem/2021_toyota_avalon_sedan_limited_fq_oem_1_815.jpg,Toyota  Avalon
396,Toyota, Avalon Hybrid,https://media.ed.edmunds-media.com/toyota/avalon-hybrid/2019/oem/2019_toyota_avalon-hybrid_sedan_limited_fq_oem_1_815.jpg,Toyota  Avalon Hybrid
397,Toyota, bZ4X,https://media.ed.edmunds-media.com/toyota/bz4x/2023/oem/2023_toyota_bz4x_4dr-suv_limited_fq_oem_1_815.jpg,Toyota  bZ4X
398,Toyota, C-HR,https://media.ed.edmunds-media.com/toyota/c-hr/2022/oem/2022_toyota_c-hr_4dr-suv_limited_fq_oem_1_815.jpg,Toyota  C-HR
399,Toyota, Camry,https://media.ed.edmunds-media.com/toyota/camry/2021/oem/2021_toyota_camry_sedan_xle_fq_oem_1_815.jpg,Toyota  Camry
400,Toyota, Camry Hybrid,https://media.ed.edmunds-media.com/toyota/camry-hybrid/2023/oem/2023_toyota_camry-hybrid_sedan_se-nightshade_fq_oem_1_815.jpg,Toyota  Camry Hybrid
401,Toyota, Corolla,https://media.ed.edmunds-media.com/toyota/corolla/2023/oem/2023_toyota_corolla_sedan_xse_fq_oem_1_815.jpg,Toyota  Corolla
402,Toyota, Corolla Cross,https://media.ed.edmunds-media.com/toyota/corolla-cross/2022/oem/2022_toyota_corolla-cross_4dr-suv_l_fq_oem_1_815.jpg,Toyota  Corolla Cross
403,Toyota, Corolla Hatchback,https://media.ed.edmunds-media.com/toyota/corolla-hatchback/2023/oem/2023_toyota_corolla-hatchback_4dr-hatchback_se_fq_oem_1_815.jpg,Toyota  Corolla Hatchback
404,Toyota, Corolla Hybrid,https://media.ed.edmunds-media.com/toyota/corolla-hybrid/2023/oem/2023_toyota_corolla-hybrid_sedan_se_fq_oem_1_815.jpg,Toyota  Corolla Hybrid
405,Toyota, GR Supra,https://media.ed.edmunds-media.com/toyota/gr-supra/2022/oem/2022_toyota_gr-supra_coupe_20_fq_oem_1_815.jpg,Toyota  GR Supra
406,Toyota, GR86,https://media.ed.edmunds-media.com/toyota/gr86/2023/oem/2023_toyota_gr86_coupe_10th-anniversary-special-edition_fq_oem_1_815.jpg,Toyota  GR86
407,Toyota, Highlander,https://media.ed.edmunds-media.com/toyota/highlander/2023/oem/2023_toyota_highlander_4dr-suv_limited_fq_oem_1_815.jpg,Toyota  Highlander
408,Toyota, Highlander Hybrid,https://media.ed.edmunds-media.com/toyota/highlander-hybrid/2022/oem/2022_toyota_highlander-hybrid_4dr-suv_bronze-edition_fq_oem_1_815.jpg,Toyota  Highlander Hybrid
409,Toyota, Mirai,https://media.ed.edmunds-media.com/toyota/mirai/2022/oem/2022_toyota_mirai_sedan_limited_fq_oem_1_815.jpg,Toyota  Mirai
410,Toyota, Prius,https://media.ed.edmunds-media.com/toyota/prius/2023/oem/2023_toyota_prius_4dr-hatchback_limited_fq_oem_1_815.jpg,Toyota  Prius
411,Toyota, Prius Prime,https://media.ed.edmunds-media.com/toyota/prius-prime/2020/oem/2020_toyota_prius-prime_4dr-hatchback_limited_fq_oem_1_815.jpg,Toyota  Prius Prime
412,Toyota, RAV4,https://media.ed.edmunds-media.com/toyota/rav4/2022/oem/2022_toyota_rav4_4dr-suv_adventure_fq_oem_1_815.jpg,Toyota  RAV4
413,Toyota, RAV4 Hybrid,https://media.ed.edmunds-media.com/toyota/rav4-hybrid/2022/oem/2022_toyota_rav4-hybrid_4dr-suv_se_fq_oem_1_815.jpg,Toyota  RAV4 Hybrid
414,Toyota, RAV4 Prime,https://media.ed.edmunds-media.com/toyota/rav4-prime/2021/oem/2021_toyota_rav4-prime_4dr-suv_se_fq_oem_1_815.jpg,Toyota  RAV4 Prime
415,Toyota, Sequoia,https://media.ed.edmunds-media.com/toyota/sequoia/2023/oem/2023_toyota_sequoia_4dr-suv_capstone_fq_oem_1_815.jpg,Toyota  Sequoia
416,Toyota, Sienna,https://media.ed.edmunds-media.com/toyota/sienna/2023/oem/2023_toyota_sienna_passenger-minivan_25th-anniversary-special-edition_fq_oem_1_815.jpg,Toyota  Sienna
417,Toyota, Tacoma,https://media.ed.edmunds-media.com/toyota/tacoma/2023/oem/2023_toyota_tacoma_crew-cab-pickup_sr5_fq_oem_1_815.jpg,Toyota  Tacoma
418,Toyota, Tundra,https://media.ed.edmunds-media.com/toyota/tundra/2022/oem/2022_toyota_tundra_crew-cab-pickup_1794-edition_fq_oem_1_815.jpg,Toyota  Tundra
419,Toyota, Venza,https://media.ed.edmunds-media.com/toyota/venza/2023/oem/2023_toyota_venza_4dr-suv_le_fq_oem_1_815.jpg,Toyota  Venza
420,Volkswagen, Arteon,https://media.ed.edmunds-media.com/volkswagen/arteon/2023/oem/2023_volkswagen_arteon_4dr-hatchback_sel-premium-r-line_fq_oem_1_815.jpg,Volkswagen  Arteon
421,Volkswagen, Atlas,https://media.ed.edmunds-media.com/volkswagen/atlas/2022/oem/2022_volkswagen_atlas_4dr-suv_sel_fq_oem_1_815.jpg,Volkswagen  Atlas
422,Volkswagen, Atlas Cross Sport,https://media.ed.edmunds-media.com/volkswagen/atlas-cross-sport/2022/oem/2022_volkswagen_atlas-cross-sport_4dr-suv_se-wtechnology_fq_oem_1_815.jpg,Volkswagen  Atlas Cross Sport
423,Volkswagen, Golf GTI,https://media.ed.edmunds-media.com/volkswagen/golf-gti/2022/oem/2022_volkswagen_golf-gti_4dr-hatchback_autobahn_fq_oem_1_815.jpg,Volkswagen  Golf GTI
424,Volkswagen, Golf R,https://media.ed.edmunds-media.com/volkswagen/golf-r/2022/oem/2022_volkswagen_golf-r_4dr-hatchback_base_fq_oem_1_815.jpg,Volkswagen  Golf R
425,Volkswagen, ID.4,https://media.ed.edmunds-media.com/volkswagen/id4/2023/oem/2023_volkswagen_id4_4dr-suv_awd-pro-s_fq_oem_1_815.jpg,Volkswagen  ID.4
426,Volkswagen, Jetta,https://media.ed.edmunds-media.com/volkswagen/jetta/2022/oem/2022_volkswagen_jetta_sedan_se_fq_oem_1_815.jpg,Volkswagen  Jetta
427,Volkswagen, Jetta GLI,https://media.ed.edmunds-media.com/volkswagen/jetta-gli/2022/oem/2022_volkswagen_jetta-gli_sedan_autobahn_fq_oem_1_815.jpg,Volkswagen  Jetta GLI
428,Volkswagen, Passat,https://media.ed.edmunds-media.com/volkswagen/passat/2022/oem/2022_volkswagen_passat_sedan_limited-edition_fq_oem_1_815.jpg,Volkswagen  Passat
429,Volkswagen, Taos,https://media.ed.edmunds-media.com/volkswagen/taos/2022/oem/2022_volkswagen_taos_4dr-suv_se_fq_oem_1_815.jpg,Volkswagen  Taos
430,Volkswagen, Tiguan,https://media.ed.edmunds-media.com/volkswagen/tiguan/2022/oem/2022_volkswagen_tiguan_4dr-suv_sel-r-line_fq_oem_1_815.jpg,Volkswagen  Tiguan
431,Volvo, C40 Recharge Twin Pure Electric,https://media.ed.edmunds-media.com/volvo/c40-recharge-twin-pure-electric/2022/oem/2022_volvo_c40-recharge-twin-pure-electric_4dr-hatchback_ultimate_fq_oem_1_815.jpg,Volvo  C40 Recharge Twin Pure Electric
432,Volvo, S60,https://media.ed.edmunds-media.com/volvo/s60/2023/oem/2023_volvo_s60_sedan_recharge-t8-ultimate-bright_fq_oem_1_815.jpg,Volvo  S60
433,Volvo, S90,https://media.ed.edmunds-media.com/volvo/s90/2023/oem/2023_volvo_s90_sedan_recharge-plug-in-hybrid-t8-ultimate_fq_oem_1_815.jpg,Volvo  S90
434,Volvo, V60,https://media.ed.edmunds-media.com/volvo/v60/2021/oem/2021_volvo_v60_wagon_t8-polestar-engineered_fq_oem_1_815.jpg,Volvo  V60
435,Volvo, V60 Cross Country,https://media.ed.edmunds-media.com/volvo/v60-cross-country/2023/oem/2023_volvo_v60-cross-country_wagon_b5-ultimate_fq_oem_1_815.jpg,Volvo  V60 Cross Country
436,Volvo, V90 Cross Country,https://media.ed.edmunds-media.com/volvo/v90-cross-country/2023/oem/2023_volvo_v90-cross-country_wagon_b6-ultimate_fq_oem_1_815.jpg,Volvo  V90 Cross Country
437,Volvo, XC40,https://media.ed.edmunds-media.com/volvo/xc40/2023/oem/2023_volvo_xc40_4dr-suv_b4-ultimate-bright_fq_oem_1_815.jpg,Volvo  XC40
438,Volvo, XC40 Recharge Twin Pure Electric,https://media.ed.edmunds-media.com/volvo/xc40-recharge-twin-pure-electric/2023/oem/2023_volvo_xc40-recharge-twin-pure-electric_4dr-suv_ultimate_fq_oem_1_815.jpg,Volvo  XC40 Recharge Twin Pure Electric
439,Volvo, XC60,https://media.ed.edmunds-media.com/volvo/xc60/2023/oem/2023_volvo_xc60_4dr-suv_recharge-t8-plus-bright_fq_oem_1_815.jpg,Volvo  XC60
440,Volvo, XC90,https://media.ed.edmunds-media.com/volvo/xc90/2023/oem/2023_volvo_xc90_4dr-suv_recharge-t8-plus-bright_fq_oem_1_815.jpg,Volvo  XC90
